AU_ID,ben_use_code
OR_SR_1712000601_05_106494,5
OR_WS_171002010103_05_106209,5
OR_LK_1707010511_88_100135,88
OR_SR_1710020601_02_105055,2
OR_SR_1710020407_02_105987,2
OR_SR_1710030906_02_106343,2
OR_WS_170900120303_02_104559,2
OR_SR_1709000503_02_103906,2
OR_SR_1710030803_02_105795,2
OR_WS_170900040403_02_104324,2
OR_WS_170502030105_05_103155,5
OR_WS_170703010201_05_102275,5
OR_SR_1708000108_88_100671,88
OR_WS_170601060503_02_103543,2
OR_SR_1710020305_05_106214,5
OR_WS_171200020306_05_106559,5
OR_SR_1709000602_02_103941,2
OR_SR_1707010306_02_101483,2
OR_SR_1710020305_05_105912,5
OR_SR_1709000703_05_104014,5
OR_SR_1707020303_05_101626,5
OR_WS_170900110606_02_104548,2
OR_WS_170502030404_05_103171,5
OR_SR_1705011702_05_103270,5
OR_WS_170703070101_05_102544,5
OR_EB_1710030404_01_100286,2
OR_WS_171003070106_02_105716,2
OR_WS_170501161101_05_103019,5
OR_WS_170601041102_02_103479,2
OR_WS_171002030206_05_106105,5
OR_SR_1706010203_02_103293,2
OR_SR_1708000302_88_100669,88
OR_CL_1710030605_104715,3
OR_SR_1706010411_02_103338,2
OR_SR_1707030401_05_101759,5
OR_WS_170702020202_05_102093,5
OR_WS_170900090502_02_104481,2
OR_WS_170900030101_02_104243,2
OR_WS_170703010206_05_102280,5
OR_LK_1705011006_05_100541,5
OR_SR_1710031008_02_104645,2
OR_WS_170702010502_05_102039,5
OR_SR_1709001004_02_104136,2
OR_WS_171002050702_02_106172,2
OR_SR_1708000602_05_103678,5
OR_SR_1709000704_88_104020,88
OR_CL_1710020102_106279,3
OR_WS_171003080110_02_105768,2
OR_SR_1708000102_02_103602,2
OR_WS_170900030108_02_104250,2
OR_CL_1710020410_106244,3
OR_WS_180200010202_05_102684,5
OR_SR_1801020206_05_106977,5
OR_WS_170601060206_02_103525,2
OR_SR_1710020309_05_105941,5
OR_SR_1710030404_02_104957,2
OR_SR_1710030701_02_105462,2
OR_EB_1710031205_01_100302,2
OR_SR_1710030801_02_105823,2
OR_SR_1710020507_02_106060,2
OR_WS_171002040707_02_106179,2
OR_SR_1710020404_02_105967,2
OR_WS_170703011003_05_102324,5
OR_SR_1710020401_02_105951,2
OR_CL_1710020508_106269,3
OR_WS_170900050208_02_104350,2
OR_SR_1709001103_02_104150,2
OR_SR_1709000302_02_103808,2
OR_SR_1709000401_02_103857,2
OR_WS_170501161305_05_103032,5
OR_SR_1707010403_02_101495,2
OR_SR_1706010401_02_103310,2
OR_SR_1709000503_02_103907,2
OR_SR_1707020302_05_102577,5
OR_WS_170703040601_05_102435,5
OR_SR_1709000306_02_103844,2
OR_SR_1709000401_02_103856,2
OR_WS_170800010701_02_103651,2
OR_SR_1710020506_02_106052,2
OR_WS_170701030206_02_101890,2
OR_WS_171003060105_02_106330,2
OR_SR_1709000202_02_103756,2
OR_WS_171003060106_02_105009,2
OR_CL_1710020102_106278,3
OR_SR_1709000107_02_103728,2
OR_WS_171002050402_02_106158,2
OR_SR_1710020502_02_106029,2
OR_WS_170900090304_02_104471,2
OR_SR_1707020208_05_101608,5
OR_SR_1709000403_02_104590,2
OR_CL_1710020410_106249,2
OR_SR_1706010402_02_103313,2
OR_WS_170703040403_05_102432,5
OR_SR_1709000703_88_104015,88
OR_SR_1708000107_02_103617,2
OR_SR_1710020404_02_105974,2
OR_SR_1710020701_02_106373,2
OR_WS_171003100502_02_106318,2
OR_WS_171200070305_05_106773,5
OR_CL_1710031206_104712,3
OR_SR_1709001106_02_104167,2
OR_SR_1709001002_02_104600,2
OR_EB_1710030604_01_100303,2
OR_SR_1710020407_02_105985,2
OR_CL_1710031206_104714,3
OR_SR_1707020303_05_101624,5
OR_SR_1705020106_05_102790,5
OR_SR_1709001202_88_104175,88
OR_WS_171003120303_02_104690,2
OR_WS_170703050501_05_102463,5
OR_SR_1710020503_02_106031,2
OR_SR_1710020402_02_105958,2
OR_WS_170900050404_02_104358,2
OR_SR_1707030701_05_101832,5
OR_SR_1707020208_05_102569,5
OR_WS_170701030303_02_101893,2
OR_SR_1709001001_02_104096,2
OR_SR_1712000304_05_106477,5
OR_WS_170502030106_05_103156,5
OR_SR_1707030609_05_101819,5
OR_SR_1710030708_02_105511,2
OR_WS_170601040201_02_103431,2
OR_SR_1710030212_02_105093,2
OR_EB_1710020403_01_100318,1
OR_SR_1801020406_05_106988,5
OR_SR_1710020603_02_106410,2
OR_SR_1707020403_05_101647,5
OR_WS_171200020403_05_106565,5
OR_WS_170702020802_05_102133,5
OR_LK_1710020701_02_100175,2
OR_WS_170800010802_15_103653,15
OR_WS_171003070811_02_105757,2
OR_WS_170701050505_02_102000,2
OR_WS_171003030208_02_105318,2
OR_WS_171003050101_02_105309,2
OR_WS_171002050701_02_106164,2
OR_SR_1710030201_02_105374,2
OR_LK_1709000703_02_100795,2
OR_SR_1709000105_02_103720,2
OR_SR_1707030508_05_101804,5
OR_SR_1707020414_05_101712,5
OR_SR_1710030202_02_105375,2
OR_WS_171003040308_02_105001,2
OR_WS_170703060801_05_102517,5
OR_SR_1705011613_05_102759,5
OR_WS_170501160105_05_102973,5
OR_SR_1709000108_02_103732,2
OR_WS_170601020301_02_103397,2
OR_WS_171200040205_05_106613,5
OR_SR_1709000702_02_104007,2
OR_SR_1709001203_02_104179,2
OR_SR_1802000101_05_102673,5
OR_WS_180200010105_05_102682,5
OR_WS_171003020505_02_105697,2
OR_WS_171002050502_02_106161,2
OR_SR_1709000501_02_103892,2
OR_SR_1707020203_05_101578,5
OR_LK_1705020201_05_100584,5
OR_LK_1710020504_01_100165,1
OR_WS_180102030309_05_107104,5
OR_SR_1710030708_02_105522,2
OR_WS_170501160202_05_102977,5
OR_SR_1710020304_05_105893,5
OR_SR_1708000101_02_103597,2
OR_SR_1707030402_02_101763,2
OR_SR_1709001004_02_104139,2
OR_WS_170900120102_02_104551,2
OR_WS_170900070405_02_104422,2
OR_SR_1707030309_05_101746,5
OR_SR_1710030404_02_104958,2
OR_SR_1707020205_05_101583,5
OR_WS_170601060508_02_103548,2
OR_WS_180102010401_05_107026,5
OR_EB_1710020701_01_100289,1
OR_SR_1709000906_02_104093,2
OR_SR_1710030205_02_105398,2
OR_WS_170800010101_02_103635,2
OR_LK_1707010304_02_100009,2
OR_SR_1710030502_02_106300,2
OR_WS_170703050201_05_102453,5
OR_WS_171003010404_02_105643,2
OR_WS_170601050104_02_103486,2
OR_SR_1707030109_05_101715,5
OR_SR_1710030210_02_105432,2
OR_WS_170703020106_05_102338,5
OR_WS_170501190101_05_103080,5
OR_SR_1710020101_05_105829,5
OR_EB_1710020302_01_107215,1
OR_SR_1710030601_02_104993,2
OR_WS_171003010304_02_105639,2
OR_WS_170702020401_05_102103,5
OR_SR_1705020310_05_102830,5
OR_WS_170703060702_05_102514,5
OR_SR_1710020402_02_105956,2
OR_SR_1709000602_02_103950,2
OR_WS_170702030206_05_102161,5
OR_SR_1705020303_05_102816,5
OR_SR_1709000403_02_103861,2
OR_SR_1710020701_02_104926,2
OR_WS_170502031002_05_103205,5
OR_SR_1710030706_02_105493,2
OR_SR_1801020602_05_107165,5
OR_CL_1710020310_106284,3
OR_EB_1710030308_01_107226,1
OR_WS_170502020302_05_103124,5
OR_WS_171002020101_05_106443,5
OR_WS_170900030109_02_104251,2
OR_WS_170502010603_05_103104,5
OR_LK_1709001002_02_100840,2
OR_SR_1709000403_02_103863,2
OR_SR_1709000109_02_103737,2
OR_SR_1709000402_02_104587,2
OR_LK_1707010401_02_100012,2
OR_SR_1710030107_02_105333,2
OR_SR_1801020406_05_106989,5
OR_SR_1710020302_05_105882,5
OR_SR_1710030302_02_105124,2
OR_WS_170501160101_05_102969,5
OR_WS_171200060104_05_106742,5
OR_LK_1705011607_05_100553,5
OR_WS_170900010105_02_104189,2
OR_SR_1709001201_02_104172,2
OR_SR_1710030303_02_106421,2
OR_WS_180102030101_05_107088,5
OR_WS_170900090102_02_104455,2
OR_WS_170502020107_05_103118,5
OR_WS_171003110202_02_104881,2
OR_SR_1710030601_02_105027,2
OR_WS_170900010501_02_104199,2
OR_SR_1707030104_05_102628,2
OR_WS_170900070304_02_104599,2
OR_WS_170900020404_02_104241,2
OR_SR_1710031008_02_104642,2
OR_WS_170702030106_05_102156,5
OR_SR_1706010401_02_103307,2
OR_WS_170701051104_02_102010,2
OR_SR_1709000501_02_103893,2
OR_WS_171002030101_05_106099,5
OR_SR_1710030701_02_105465,2
OR_SR_1707020210_05_101613,5
OR_WS_170702020403_05_102105,5
OR_WS_180200010301_05_102693,5
OR_SR_1706010402_02_103312,2
OR_CL_1710020310_106243,5
OR_WS_170703010202_05_102276,5
OR_CL_1710020410_106257,3
OR_SR_1707030402_02_101764,2
OR_SR_1705020309_05_102829,5
OR_SR_1707010207_16_101462,16
OR_SR_1708000108_88_100673,88
OR_WS_171002050602_00_106163,2
OR_SR_1710030211_02_105084,2
OR_SR_1709000305_02_103822,2
OR_SR_1709000901_02_104062,2
OR_WS_170900110501_02_104540,2
OR_WS_171003030705_02_105302,2
OR_WS_170900100403_02_104508,2
OR_SR_1707030109_05_101716,5
OR_SR_1604020101_05_102629,5
OR_EB_1710030403_01_107198,2
OR_WS_170900090109_02_104462,2
OR_SR_1710030702_02_105471,2
OR_LK_1707030101_05_100050,5
OR_SR_1710020501_02_106015,2
OR_WS_170703050301_05_102457,5
OR_SR_1705020106_05_102793,5
OR_SR_1706010505_02_103359,2
OR_WS_170900110306_02_104533,2
OR_WS_170701050506_02_102001,2
OR_LK_1710030404_02_100224,2
OR_WS_171003010808_02_105661,2
OR_WS_171002030902_05_106219,5
OR_SR_1707020109_05_101547,5
OR_LK_1707010106_88_100133,88
OR_WS_170601050105_02_103487,2
OR_WS_171003020205_02_105684,2
OR_WS_180102010604_05_107038,5
OR_SR_1712000703_05_106501,5
OR_WS_171003120201_02_104687,2
OR_WS_171002050703_02_106165,2
OR_SR_1709001104_02_104154,2
OR_SR_1707020207_05_101592,5
OR_WS_170701050201_02_101980,2
OR_WS_170702020102_05_102088,5
OR_SR_1709000506_02_103930,2
OR_SR_1709000404_02_104571,2
OR_SR_1709000305_02_103828,2
OR_WS_170703040402_05_102431,5
OR_SR_1709000407_02_103891,2
OR_CL_1710020102_106276,5
OR_SR_1710030707_04_105506,4
OR_WS_180102030101_05_107088,2
OR_SR_1710020701_02_104935,2
OR_WS_170900010502_02_104200,2
OR_WS_170601060203_02_103522,2
OR_SR_1707010301_02_101469,2
OR_SR_1710020408_02_105996,2
OR_CL_1710030605_105043,3
OR_SR_1710031003_02_104796,2
OR_WS_170502020301_05_103123,5
OR_WS_171003100802_02_104680,2
OR_WS_171200070304_05_106772,5
OR_WS_171200070102_05_106764,5
OR_SR_1708000102_02_103600,2
OR_SR_1710030108_02_105338,2
OR_WS_170900070104_02_104405,2
OR_SR_1709000202_02_103775,2
OR_WS_170701050503_02_101998,2
OR_WS_171002070102_02_106386,2
OR_SR_1709000804_02_104047,2
OR_LK_1709000107_02_100699,2
OR_SR_1707020203_05_101574,5
OR_EB_1710020607_01_107222,1
OR_WS_180200010104_05_102681,5
OR_WS_170703070205_05_102557,5
OR_SR_1710030108_02_105341,2
OR_SR_1710030801_02_105534,2
OR_LK_1709000402_02_100745,2
OR_LK_1710020606_02_100168,2
OR_SR_1709000608_02_103994,2
OR_WS_171002050202_02_106151,2
OR_SR_1710030203_02_105389,2
OR_WS_171200060103_05_106741,5
OR_SR_1710020401_02_105950,2
OR_SR_1709001002_02_104104,2
OR_WS_170900080501_02_104439,2
OR_SR_1710020406_02_105980,2
OR_SR_1710020506_02_106054,2
OR_WS_170703060202_05_102504,5
OR_SR_1710020603_02_105061,2
OR_EB_1710020309_01_100297,5
OR_WS_170800030406_05_103657,5
OR_WS_171002030903_05_106125,5
OR_WS_170703020205_05_102343,5
OR_SR_1707020206_05_101590,5
OR_WS_170703051102_05_102501,5
OR_WS_170701020104_16_101866,16
OR_LK_1707010106_88_100132,88
OR_SR_1710030504_02_104985,2
OR_WS_170900040301_02_104314,2
OR_SR_1707010211_16_101466,16
OR_SR_1709001004_02_104134,2
OR_SR_1709000903_02_104075,2
OR_WS_170800010506_11_103650,11
OR_LK_1707010106_88_100146,88
OR_WS_170800010401_02_103643,2
OR_SR_1710020504_02_106045,2
OR_WS_170800010803_15_103654,15
OR_SR_1710030213_02_105102,2
OR_WS_180102010502_05_107033,5
OR_SR_1709000403_02_103864,2
OR_SR_1709000701_02_104004,2
OR_SR_1708000602_05_100322,5
OR_WS_171003030204_02_105278,2
OR_SR_1712000602_05_106498,5
OR_LK_1710030404_02_100220,2
OR_WS_170900050604_02_104362,2
OR_SR_1710030206_02_105417,2
OR_WS_170703010909_05_102320,5
OR_SR_1710020306_05_105924,5
OR_SR_1710030504_02_106381,2
OR_WS_170900080701_02_104451,2
OR_WS_171002050503_02_106173,2
OR_WS_170800010502_11_103647,11
OR_SR_1710030604_02_104630,2
OR_SR_1710020606_02_106222,2
OR_SR_1710030501_02_105238,2
OR_WS_180102040603_05_107116,5
OR_LK_1707010504_88_100139,88
OR_SR_1709001104_02_104152,2
OR_SR_1709000302_02_103806,2
OR_SR_1801020204_05_106973,5
OR_SR_1710030301_02_105440,2
OR_SR_1707010201_16_101456,16
OR_WS_170900020303_02_104234,2
OR_SR_1710030205_02_106333,99
OR_SR_1710030801_02_105548,2
OR_WS_170702040304_05_102199,5
OR_CL_1710030605_105038,3
OR_SR_1706010403_02_103317,2
OR_SR_1705020307_05_102822,5
OR_SR_1706010405_02_103326,2
OR_WS_170601041003_02_103476,2
OR_SR_1710020304_05_105903,5
OR_WS_170800010803_15_103654,2
OR_SR_1710030505_02_104991,2
OR_SR_1710030302_02_105111,2
OR_WS_170703010904_05_102315,5
OR_SR_1709000901_02_104595,2
OR_SR_1709000906_02_104091,2
OR_EB_1710020407_01_107219,1
OR_SR_1712000601_05_106496,5
OR_SR_1712000704_05_106502,5
OR_SR_1707010211_16_101465,16
OR_WS_171003010504_02_105646,2
OR_SR_1709000806_02_104052,2
OR_WS_170702030201_05_102157,5
OR_WS_170702020103_05_102089,5
OR_WS_170900120104_02_104553,2
OR_SR_1707010503_02_101507,2
OR_SR_1710030301_02_105436,2
OR_WS_170900030604_02_104291,2
OR_SR_1710020504_02_106042,2
OR_SR_1709000109_02_103743,2
OR_WS_170703070102_05_102545,5
OR_WS_170502031102_05_103212,5
OR_SR_1707010313_02_101492,2
OR_SR_1707010401_02_102605,2
OR_SR_1705020201_05_102802,5
OR_SR_1705020306_05_102821,5
OR_SR_1710030111_02_106415,2
OR_WS_171003070809_02_105755,2
OR_WS_170703010104_05_102269,5
OR_WS_170703010703_05_102299,5
OR_SR_1710031202_02_104653,2
OR_WS_170601060407_02_103539,2
OR_SR_1705020201_05_102800,5
OR_WS_170900070102_02_104403,2
OR_SR_1707020208_05_101603,5
OR_WS_170900010607_02_104209,2
OR_EB_1710020302_01_107216,1
OR_CL_1710020410_106250,3
OR_SR_1709001104_02_104155,2
OR_SR_1710031002_04_104794,4
OR_WS_171003100803_02_104698,1
OR_WS_171003100402_02_104873,2
OR_SR_1707030403_05_102575,5
OR_SR_1707030502_05_102581,5
OR_SR_1709000802_02_104035,2
OR_SR_1710030207_02_104748,2
OR_SR_1710030110_02_105364,2
OR_SR_1710030204_02_105393,2
OR_WS_170900010703_02_104213,2
OR_EB_1710020302_01_100295,1
OR_WS_170900100502_02_104513,2
OR_LK_1707010504_88_100137,88
OR_WS_171003040204_02_106398,2
OR_WS_170502030903_05_103201,5
OR_WS_170701050301_02_101984,2
OR_WS_170702020708_05_102128,5
OR_SR_1709000404_02_104575,2
OR_WS_170900030504_02_104278,2
OR_WS_171003100601_02_106319,2
OR_SR_1710030904_02_105618,2
OR_WS_170703051003_05_102496,5
OR_WS_170501161103_05_103021,5
OR_SR_1709001002_02_104105,2
OR_SR_1709000506_02_103927,2
OR_WS_170702010501_05_102038,5
OR_WS_170502010604_05_103105,5
OR_WS_170703040304_05_102427,5
OR_SR_1708000309_04_100666,4
OR_WS_171002020106_05_106445,5
OR_SR_1708000305_05_103619,5
OR_EB_1710030403_01_100285,1
OR_SR_1710020306_05_105929,5
OR_WS_170703010910_05_102626,5
OR_WS_171002030504_05_106117,5
OR_SR_1710030212_02_105098,2
OR_WS_171002050404_02_106175,2
OR_SR_1709000304_02_103821,2
OR_SR_1710030302_05_105126,5
OR_SR_1709000903_02_104074,2
OR_LK_1707010312_02_100011,2
OR_SR_1710020206_05_105864,5
OR_SR_1706010204_02_103295,2
OR_WS_170900070404_02_104421,2
OR_WS_171003120301_02_104688,2
OR_WS_170601040206_02_103436,2
OR_WS_171003110801_02_104896,2
OR_CL_1710020310_106238,3
OR_SR_1710020503_02_106212,2
OR_SR_1710030301_02_106418,2
OR_LK_1707010114_88_100141,88
OR_WS_171002030406_05_106217,5
OR_WS_171002030901_05_106190,5
OR_WS_171200060301_05_106747,5
OR_SR_1709000306_02_103838,2
OR_EB_1710020403_01_107232,1
OR_CL_1710020410_106252,1
OR_SR_1709000107_02_103727,2
OR_WS_170502031001_05_103204,5
OR_SR_1710020604_02_106062,2
OR_SR_1710030107_02_105336,2
OR_WS_170502030901_05_103199,5
OR_SR_1708000309_04_100662,4
OR_SR_1709001003_02_104114,2
OR_SR_1709000203_02_103782,2
OR_SR_1709000110_02_103749,2
OR_CL_1710020102_106279,5
OR_WS_170900090108_02_104461,2
OR_WS_171003060202_02_104671,2
OR_SR_1707010305_02_101480,99
OR_SR_1710030501_02_104962,2
OR_WS_171003060203_02_104700,2
OR_WS_171002040903_02_106177,2
OR_SR_1705020205_05_102805,5
OR_SR_1710020304_05_105897,5
OR_CL_1710020410_106247,3
OR_WS_170703010207_05_102281,5
OR_EB_1710020506_01_107230,1
OR_CL_1710020508_105033,3
OR_SR_1707010302_02_101478,2
OR_WS_170900030603_02_104290,2
OR_SR_1710020606_02_106078,2
OR_WS_170502010106_05_103227,5
OR_SR_1707030610_05_101824,5
OR_SR_1710030502_02_104973,2
OR_SR_1710020409_02_106000,2
OR_WS_170601040104_02_103425,2
OR_SR_1707010310_02_101488,2
OR_WS_171200050203_05_106659,5
OR_SR_1709000904_02_104086,2
OR_SR_1710030301_02_106418,5
OR_SR_1705011601_05_102746,5
OR_WS_170703060901_05_102522,5
OR_WS_170900100404_02_104509,2
OR_SR_1709000703_04_104013,4
OR_SR_1707020203_05_101576,5
OR_SR_1709000703_02_104008,2
OR_SR_1706010411_02_103339,2
OR_WS_171200030205_05_106597,5
OR_WS_170900070101_02_104401,2
OR_WS_170502030602_05_103182,5
OR_EB_1710031008_01_100280,1
OR_WS_170601041101_02_103478,2
OR_SR_1705020206_05_102808,5
OR_SR_1709000603_02_103957,2
OR_WS_170502010608_05_103109,5
OR_WS_170900010505_02_104202,2
OR_WS_170900030507_02_104281,2
OR_SR_1801020409_05_107184,5
OR_WS_170703040701_05_102443,5
OR_SR_1710030601_02_104618,2
OR_WS_171200070301_05_106769,5
OR_SR_1710020502_02_106020,2
OR_SR_1710030802_04_105816,4
OR_SR_1709000306_02_103851,2
OR_EB_1710020403_01_107231,1
OR_WS_170900100204_02_104495,NULL
OR_WS_170800030503_05_103660,5
OR_SR_1709000201_02_103752,2
OR_WS_170502030503_05_103178,5
OR_WS_171200020404_05_106566,5
OR_SR_1707010207_05_101461,16
OR_WS_170900030606_02_104294,2
OR_SR_1706010402_02_103314,2
OR_EB_1710020410_01_100313,1
OR_SR_1710020701_02_106374,2
OR_SR_1709000402_02_104588,2
OR_EB_1710020407_01_107218,1
OR_WS_170601041104_02_103481,2
OR_WS_170502010605_05_103106,5
OR_SR_1709000403_02_104589,2
OR_WS_170501161302_05_103029,5
OR_WS_180102030102_05_107089,5
OR_SR_1709000302_02_103812,2
OR_WS_170601040507_02_103455,2
OR_SR_1707030405_05_101770,5
OR_SR_1709000306_02_103842,2
OR_SR_1709000404_02_104574,2
OR_WS_170701050501_02_101996,2
OR_WS_170900110103_02_104518,2
OR_WS_171002060402_02_106167,2
OR_WS_170900080204_02_104429,2
OR_WS_170900040104_02_104303,2
OR_SR_1710020201_05_106441,5
OR_SR_1710020408_02_105994,2
OR_SR_1710030804_04_106341,4
OR_WS_170703020105_05_102337,5
OR_WS_170900120201_02_104554,2
OR_SR_1707010306_02_101481,2
OR_WS_171003010801_02_105655,2
OR_SR_1709000306_05_103854,2
OR_WS_170900070303_02_104415,2
OR_WS_171002050501_02_106160,2
OR_CL_1710030405_105049,3
OR_SR_1710030602_02_104623,2
OR_WS_171003080105_02_105763,2
OR_WS_170502030204_05_103160,5
OR_SR_1709000505_02_103921,2
OR_WS_170601040103_02_103424,2
OR_WS_170701050404_02_101993,2
OR_WS_170501150203_05_102968,5
OR_WS_171003060103_02_104669,2
OR_WS_170900010102_02_104186,2
OR_SR_1710030209_02_104762,2
OR_WS_170703020102_05_102334,5
OR_WS_170702030207_05_102162,5
OR_WS_171002060803_02_106438,2
OR_WS_171200060404_05_106752,5
OR_SR_1710030205_02_105399,2
OR_WS_170703010305_05_102285,5
OR_LK_1710030901_02_100274,2
OR_WS_171003110201_02_104880,2
OR_SR_1707030103_05_101713,5
OR_SR_1709000106_02_103722,2
OR_WS_180102030105_05_107092,5
OR_SR_1709001101_02_104142,2
OR_SR_1708000101_02_103596,2
OR_SR_1705011607_05_102752,5
OR_SR_1709000204_02_103786,2
OR_SR_1710030604_02_104635,2
OR_SR_1709001203_02_104176,2
OR_WS_170703010101_05_102266,5
OR_WS_170900100501_02_104512,2
OR_CL_1710030405_105041,3
OR_WS_170900030103_02_104245,2
OR_WS_170900110201_02_104523,2
OR_SR_1707020302_05_101622,5
OR_SR_1710030604_02_104634,2
OR_SR_1712000205_05_106470,5
OR_SR_1710030502_02_104966,2
OR_SR_1710031204_02_104658,2
OR_WS_170702020402_05_102104,5
OR_WS_170900070204_02_104412,2
OR_EB_1710020607_01_107221,1
OR_SR_1710030502_02_106302,2
OR_LK_1707030609_05_100125,5
OR_SR_1710031004_04_104821,4
OR_WS_170501100704_05_102963,5
OR_SR_1709001106_02_104169,2
OR_SR_1710030601_02_104996,2
OR_SR_1710030204_02_105392,2
OR_SR_1706010403_02_103316,2
OR_WS_171003070104_02_105714,2
OR_SR_1709000306_02_103839,2
OR_SR_1709000109_02_103747,2
OR_SR_1710030205_02_105394,2
OR_EB_1710030505_01_107209,2
OR_WS_170703060201_05_102503,5
OR_WS_170703010109_05_102274,5
OR_SR_1710030502_02_104609,2
OR_SR_1707030203_05_101720,5
OR_SR_1707030202_05_101719,5
OR_SR_1707010301_02_101470,2
OR_SR_1707030110_05_102624,5
OR_WS_170501170603_05_103065,5
OR_SR_1707020208_05_101607,5
OR_WS_171003060104_02_106331,2
OR_SR_1709000502_02_103899,2
OR_WS_170900110204_02_104526,2
OR_WS_170701051106_02_102614,2
OR_WS_170900030601_02_104287,2
OR_LK_1709000701_02_100781,2
OR_WS_171003060102_02_104668,2
OR_EB_1710020308_01_100298,1
OR_WS_170900040105_02_104304,2
OR_SR_1709000102_02_103715,2
OR_SR_1709000203_02_104585,2
OR_SR_1707010506_02_101511,2
OR_WS_171003120302_02_104689,2
OR_WS_170900060205_02_104371,2
OR_SR_1710030205_02_105397,2
OR_SR_1706010401_02_103308,2
OR_WS_170703040306_05_102587,5
OR_SR_1710030504_02_104981,2
OR_WS_171003010702_02_105651,2
OR_SR_1707020207_05_101598,5
OR_SR_1710030601_02_106304,2
OR_SR_1710020302_05_105869,5
OR_WS_170701050306_02_101989,2
OR_WS_170703020101_05_102333,5
OR_WS_170702020306_05_102102,5
OR_WS_180102020406_05_107059,5
OR_SR_1710020204_05_105835,5
OR_WS_170701050701_02_102005,2
OR_WS_171003120502_02_104695,2
OR_SR_1710030706_02_105492,2
OR_SR_1710030211_02_105320,2
OR_SR_1710020502_02_106021,2
OR_WS_170703030901_05_102406,5
OR_SR_1710030107_02_105337,2
OR_SR_1707030501_02_101787,2
OR_SR_1801020106_05_106967,5
OR_WS_171003120103_02_106324,2
OR_SR_1710030202_02_105379,2
OR_SR_1705010804_02_102719,5
OR_WS_170703010911_05_102321,5
OR_SR_1707020302_05_101618,5
OR_SR_1707010207_05_101461,5
OR_WS_171200060202_05_106746,5
OR_WS_170703030703_05_102401,5
OR_WS_170701030301_02_101891,99
OR_WS_170703050204_05_102455,5
OR_SR_1709000602_02_103948,2
OR_WS_170900040205_02_104309,2
OR_WS_170900010106_02_104190,2
OR_SR_1706010402_02_103315,2
OR_SR_1710030205_02_106333,2
OR_WS_171003070807_02_105753,2
OR_SR_1707010303_02_101479,2
OR_WS_170900100504_02_104515,2
OR_EB_1710030505_01_100284,1
OR_WS_171003070109_02_105800,2
OR_WS_170501160203_05_102978,5
OR_SR_1710030204_02_105390,2
OR_WS_171200010105_05_106514,5
OR_SR_1710030304_02_105151,2
OR_WS_170601040904_02_103472,2
OR_SR_1712000207_05_106473,5
OR_LK_1710030801_02_100257,2
OR_SR_1710020304_05_105898,5
OR_SR_1707010507_02_101512,2
OR_WS_180200010207_05_102689,5
OR_SR_1705020302_05_102815,5
OR_LK_1801020604_05_100491,5
OR_SR_1709001201_02_104171,2
OR_SR_1707030111_02_101718,2
OR_SR_1709000108_02_103730,2
OR_SR_1707030609_05_101821,5
OR_SR_1709000109_02_103735,2
OR_WS_171003010706_02_105654,2
OR_WS_170703010707_05_102302,5
OR_SR_1710020304_05_105901,5
OR_WS_171002030403_05_106111,5
OR_WS_170702020803_05_102134,5
OR_SR_1710020507_02_106061,2
OR_SR_1710030404_02_104955,2
OR_WS_170702030205_05_102160,5
OR_SR_1709000306_05_103854,5
OR_SR_1705020208_05_102810,5
OR_SR_1709000601_02_103935,2
OR_WS_170702020201_05_102092,5
OR_SR_1710030301_02_105442,2
OR_WS_170502020804_05_103145,5
OR_WS_180102041202_05_107133,5
OR_WS_171002060804_02_106406,2
OR_WS_180102010103_05_107012,5
OR_WS_171003070204_02_105825,2
OR_SR_1709001004_02_104137,2
OR_SR_1710030601_02_104615,2
OR_SR_1709000602_02_103949,2
OR_SR_1710020303_05_105885,5
OR_WS_170502031004_05_103207,5
OR_SR_1709000701_05_104005,5
OR_LK_1801020303_05_100375,5
OR_SR_1709000604_02_103969,2
OR_SR_1710030202_02_105376,2
OR_SR_1706010202_02_103292,2
OR_WS_170703010702_05_102298,5
OR_SR_1710020502_02_106024,2
OR_WS_170900040402_02_104323,2
OR_SR_1707020206_05_101588,5
OR_WS_170900050301_02_104351,2
OR_WS_170900090204_02_104467,2
OR_SR_1709000105_02_104579,2
OR_WS_171200051405_05_106713,5
OR_WS_170601041001_02_103474,2
OR_SR_1710030902_02_105599,2
OR_EB_1710020506_01_100291,1
OR_WS_171200020501_05_106567,5
OR_SR_1710030801_02_105545,2
OR_SR_1710030305_02_105158,2
OR_EB_1710020408_01_100294,1
OR_WS_171002060301_02_105629,2
OR_SR_1709000703_02_104012,2
OR_SR_1710020407_02_106213,2
OR_WS_170701050504_02_101999,2
OR_SR_1710020506_02_106053,2
OR_CL_1710020410_106249,3
OR_LK_1708000108_15_100639,15
OR_WS_170900090601_02_104482,2
OR_SR_1710020306_05_105925,5
OR_CL_1710020102_106275,3
OR_WS_170703070401_05_102563,5
OR_WS_171003030201_02_105322,2
OR_WS_171003020401_02_105691,2
OR_WS_170502020106_05_103117,5
OR_SR_1710020608_02_105080,2
OR_SR_1709001102_02_104147,2
OR_LK_1710030404_02_100222,2
OR_WS_170900020405_02_104242,2
OR_WS_170703010906_05_102317,5
OR_SR_1707010201_05_101455,5
OR_WS_170900100302_02_104499,2
OR_WS_180102060401_05_107143,5
OR_WS_170701040101_02_101951,2
OR_EB_1710020408_01_107217,1
OR_SR_1705010707_05_102716,5
OR_SR_1709001003_02_104112,2
OR_SR_1709000802_02_104604,99
OR_SR_1710020406_02_105981,99
OR_LK_1705020311_05_100605,5
OR_SR_1709000704_02_104018,2
OR_SR_1709000807_02_104060,2
OR_WS_171003010805_02_105658,2
OR_WS_170900090104_02_104457,2
OR_SR_1710030708_02_105521,2
OR_WS_171002050302_02_106156,2
OR_WS_171003011001_02_105666,2
OR_EB_1710020504_01_107197,1
OR_WS_170900040502_02_104326,2
OR_EB_1710020206_01_107214,1
OR_WS_170900010905_02_104220,2
OR_SR_1710031202_02_104655,2
OR_WS_170501150104_05_103269,5
OR_WS_170501170603_05_103065,NULL
OR_SR_1710020307_05_105939,5
OR_SR_1709000602_02_103955,2
OR_SR_1707020107_05_101538,5
OR_WS_171003030205_02_105279,2
OR_SR_1709000407_02_103889,2
OR_WS_170601041002_02_103475,2
OR_WS_171200050205_05_106931,5
OR_WS_171002040703_02_106138,2
OR_SR_1707020208_05_101601,5
OR_SR_1710020701_02_104922,2
OR_WS_171003050506_02_105023,2
OR_SR_1709001101_02_104144,2
OR_WS_170900110405_02_104538,2
OR_LK_1707030602_05_100119,5
OR_SR_1801020303_88_106981,5
OR_WS_170703040303_05_102426,5
OR_SR_1710030108_02_105339,2
OR_LK_1709001202_02_100854,2
OR_WS_170601040501_02_103449,2
OR_SR_1705020106_05_102792,5
OR_SR_1709000202_02_103766,2
OR_WS_170900080202_02_104427,2
OR_SR_1707010304_02_102606,2
OR_SR_1709000805_02_104050,2
OR_WS_170702030103_05_102153,5
OR_CL_1710030405_105050,3
OR_WS_170900010904_02_104219,2
OR_SR_1709000110_02_104584,2
OR_SR_1710031203_02_104656,2
OR_WS_170601040803_02_103467,2
OR_SR_1710030108_02_105342,2
OR_SR_1710030801_02_105538,2
OR_SR_1710020408_02_105997,2
Crater Lake,NULL
OR_WS_170601040901_02_103469,2
OR_SR_1710020608_02_105078,2
OR_SR_1710020303_05_105886,5
OR_SR_1707020201_05_101569,5
OR_SR_1709000103_02_103716,2
OR_WS_171200060106_05_106744,5
OR_SR_1709000202_02_103779,2
OR_WS_170502020103_05_103114,5
OR_SR_1709000404_02_104576,2
OR_WS_170501160201_05_102976,5
OR_SR_1708000105_11_103688,11
OR_WS_170502020601_05_103134,5
OR_WS_170601020104_02_103388,2
OR_WS_170800010302_02_103640,2
OR_WS_170800030502_05_103659,5
OR_SR_1710030604_02_104633,2
OR_SR_1710030501_02_106376,2
OR_WS_170900110205_02_104527,2
OR_SR_1709000608_02_103996,2
OR_SR_1710020402_02_105954,2
OR_WS_170900070402_02_104419,2
OR_SR_1710030207_02_105419,2
OR_SR_1709000401_02_103855,2
OR_SR_1706010605_02_103375,2
OR_WS_171200090405_05_106887,5
OR_WS_170900070305_02_104416,2
OR_SR_1710030205_02_105395,2
OR_WS_170702020204_05_102095,5
OR_EB_1710020607_01_100290,1
OR_WS_180200010204_05_102686,5
OR_SR_1801020407_05_107185,5
OR_SR_1710031205_02_104663,2
OR_SR_1708000309_04_100664,4
OR_WS_171200070307_05_106775,5
OR_SR_1705020304_05_102818,5
OR_SR_1707010402_02_101494,2
OR_SR_1707020210_05_101615,5
OR_WS_170703010501_05_102291,5
OR_WS_171200020201_05_106550,5
OR_WS_170703010907_05_102318,5
OR_WS_170703010306_05_102286,5
OR_SR_1709000506_02_103925,2
OR_WS_170501190603_05_103096,5
OR_SR_1709001004_02_104133,2
OR_SR_1801020602_05_107167,5
OR_SR_1707010401_02_102604,2
OR_SR_1707030404_05_101769,5
OR_WS_170900090301_02_104468,2
OR_WS_170900040206_02_104310,2
OR_LK_1710020409_02_100164,2
OR_WS_171002020503_05_106199,5
OR_SR_1709000905_02_104088,2
OR_WS_171200060201_05_106745,5
OR_SR_1710030502_02_104975,2
OR_SR_1707020206_05_101587,5
OR_SR_1710020503_02_106032,2
OR_SR_1708000308_05_103693,5
OR_WS_170501150204_05_103272,5
OR_SR_1710030205_02_105405,2
OR_WS_171002040502_02_106182,2
OR_CL_1710020310_106236,5
OR_SR_1710030501_02_104959,2
OR_SR_1710030602_02_104621,2
OR_WS_170502020201_05_103120,5
OR_WS_170701050601_02_102002,2
OR_EB_1710020504_01_100292,1
OR_SR_1710020605_02_106411,2
OR_WS_171002030201_05_106100,5
OR_WS_170702010801_05_102055,5
OR_WS_170702020101_05_102087,5
OR_LK_1707010114_88_100143,88
OR_LK_1709000402_02_100742,2
OR_WS_170900030609_02_104297,2
OR_SR_1709000202_02_103761,2
OR_SR_1801020412_05_106990,5
OR_EB_1710030308_01_107227,1
OR_CL_1710020702_104916,3
OR_WS_170703010205_05_102279,5
OR_SR_1710030404_02_105019,2
OR_WS_170703061108_05_102539,5
OR_EB_1710030308_01_100287,1
OR_SR_1710020407_02_106452,99
OR_SR_1705020204_05_102803,5
OR_LK_1707030201_05_100082,5
OR_SR_1710030207_02_106335,2
OR_WS_171003080102_02_105760,2
OR_WS_170900120301_02_104557,2
OR_WS_171003080202_02_105815,2
OR_WS_171003010807_02_105660,2
OR_WS_171003010302_02_105638,2
OR_SR_1706010401_02_103311,2
OR_WS_170900110604_02_104546,2
OR_SR_1705011706_05_102769,5
OR_SR_1709000801_02_104028,2
OR_SR_1710030505_02_104989,2
OR_WS_170900080702_02_104452,2
OR_SR_1707010503_02_101505,2
OR_WS_171003020104_02_105678,2
OR_SR_1710030108_02_105340,2
OR_SR_1709000505_02_104564,2
OR_LK_1710030703_02_100244,2
OR_WS_170501150102_05_103233,5
OR_SR_1707030602_05_101812,5
OR_SR_1705011610_05_102756,5
,99
OR_SR_1705020106_05_102791,5
OR_SR_1707030603_05_102625,5
OR_SR_1708000101_02_103599,2
OR_SR_1707020202_05_101572,5
OR_WS_170900120101_02_104550,2
OR_SR_1710030404_02_104956,2
OR_WS_170703040602_05_102436,5
OR_SR_1710020405_02_105978,2
OR_WS_170501160301_05_102981,5
OR_WS_170601040203_02_103433,99
OR_SR_1710020206_05_105856,5
OR_SR_1705011803_05_102777,5
OR_WS_170702010403_05_102035,5
OR_SR_1710020602_02_106409,2
OR_SR_1706010502_02_103348,2
OR_SR_1710020309_05_105945,5
OR_SR_1707010512_02_101514,2
OR_WS_170900120305_02_104561,2
OR_SR_1706010405_02_103325,2
OR_SR_1710020401_02_105953,2
OR_SR_1710020305_05_105917,5
OR_SR_1710030708_02_105510,2
OR_WS_171003120404_02_104696,2
OR_WS_170601060604_02_103552,2
OR_SR_1709000202_02_103755,2
OR_WS_170701050602_02_102003,2
OR_SR_1710020406_02_105982,2
OR_WS_171003010902_02_105664,2
OR_WS_170701050703_02_102007,2
OR_SR_1710030708_02_105509,2
OR_WS_170702010206_05_102026,5
OR_WS_171200070503_05_106913,5
OR_WS_170502020805_05_103146,5
OR_CL_1710031206_104737,3
OR_EB_1710020407_01_107220,1
OR_SR_1706010503_02_103351,2
OR_EB_1710030603_01_100281,2
OR_WS_171002070101_02_106385,2
OR_WS_180102040704_05_107120,5
OR_SR_1709000101_02_103713,2
OR_CL_1710030605_104728,3
OR_SR_1710030603_02_104629,2
OR_WS_170702030301_05_102164,5
OR_SR_1710030801_05_105552,6
OR_WS_170702030302_05_102165,5
OR_SR_1710020504_02_106044,2
OR_CL_1710031206_104709,3
OR_CL_1710030405_105034,3
OR_SR_1706010604_02_103371,2
OR_SR_1707030704_05_101839,5
OR_SR_1709000602_02_103947,2
OR_SR_1710030110_02_105352,2
OR_WS_170900100401_02_104506,2
OR_WS_180102040201_05_107168,5
OR_SR_1710020302_05_105884,5
OR_WS_170702020706_05_102126,5
OR_WS_171002040802_02_106143,2
OR_SR_1710030110_02_105353,2
OR_SR_1710030213_02_105103,2
OR_SR_1710030604_02_104636,2
OR_LK_1709001203_02_100869,2
OR_SR_1707020202_05_101571,5
OR_SR_1708000107_02_103616,2
OR_SR_1709000404_02_104577,2
OR_SR_1710020305_05_105921,5
OR_SR_1705011901_05_102779,5
OR_WS_170502020104_05_103115,5
OR_LK_1707030601_02_100118,5
OR_SR_1707030503_05_101791,5
OR_SR_1707010305_02_101480,2
OR_SR_1707010302_02_101475,99
OR_WS_171200020504_05_106570,5
OR_WS_170900100202_02_104493,2
OR_WS_170703010903_05_102314,5
OR_SR_1710030303_02_106420,2
OR_SR_1705010707_05_102715,5
OR_WS_180200010201_05_102683,5
OR_LK_1707010504_88_100138,88
OR_WS_171003050401_02_106394,2
OR_SR_1709001203_02_104177,2
OR_WS_171002050301_02_106155,2
OR_LK_1801020303_05_100374,5
OR_SR_1710031104_02_104832,2
OR_SR_1707030611_05_101828,5
OR_LK_1707010102_88_100150,88
Sru Lake,NULL
OR_SR_1709001202_02_104173,2
OR_WS_171002060401_02_106166,2
OR_WS_170900120302_02_104558,2
OR_WS_170501161104_05_103022,5
OR_LK_1801020412_88_100474,88
OR_SR_1710020604_02_106066,2
OR_SR_1709000902_02_104072,2
OR_SR_1707020302_05_101623,5
OR_SR_1710020505_02_106051,2
OR_WS_170501150101_05_102966,5
OR_SR_1707020107_05_101537,5
OR_WS_171003110404_02_104885,2
OR_WS_170703060304_05_102508,5
OR_SR_1705010704_05_103214,5
OR_SR_1710030106_02_105332,2
OR_SR_1710030201_02_105373,2
OR_CL_1710020508_106260,3
OR_SR_1706010505_02_103361,2
OR_WS_170502030502_05_103177,5
OR_SR_1706010403_02_103586,2
OR_WS_170900100402_02_104507,2
OR_WS_171200010601_05_106529,5
OR_SR_1709000105_02_104580,2
OR_SR_1709000303_02_103816,2
OR_CL_1710031206_104719,3
OR_SR_1712000204_05_106469,5
OR_WS_171003100803_02_104698,2
OR_WS_170502030804_05_103194,5
OR_SR_1710020404_02_105966,2
OR_WS_170800010505_11_103669,11
OR_SR_1710020606_02_106076,2
OR_WS_170701050702_02_102006,2
OR_WS_170703040604_05_102438,5
OR_CL_1710020508_105040,3
OR_WS_171003060301_02_104672,2
OR_SR_1709000704_02_104017,2
OR_WS_170502020705_05_103141,5
OR_SR_1710020202_05_106442,5
OR_SR_1707030612_05_101830,5
OR_SR_1801020104_05_107179,5
OR_WS_180102030104_05_107091,5
OR_WS_170501150103_05_103232,5
OR_SR_1710030302_02_105113,2
OR_WS_171002050405_02_106174,2
OR_EB_1710020309_01_100296,1
OR_WS_171003021205_02_105272,2
OR_WS_170703040706_05_102448,5
OR_SR_1710030707_04_105507,4
OR_WS_170702030105_05_102155,5
OR_SR_1706010501_02_103347,2
OR_SR_1705020202_05_103265,5
OR_SR_1710030602_02_104628,2
OR_SR_1709000301_02_103799,2
OR_SR_1707020207_05_101599,5
OR_WS_171003040402_02_105002,2
OR_WS_170502020806_05_103147,5
OR_SR_1709000806_02_104056,2
OR_WS_170601060506_02_103546,2
OR_SR_1707010511_02_101513,2
OR_SR_1709000901_02_104069,2
OR_WS_171200020506_05_106572,5
OR_SR_1710020205_05_105847,5
OR_LK_1707010511_88_100136,88
OR_WS_170900040202_02_104306,2
OR_SR_1706010605_02_103376,2
OR_EB_1710020407_01_100293,1
OR_WS_170701020902_16_101874,16
OR_SR_1801020412_88_106991,88
OR_SR_1710031006_04_104637,4
OR_SR_1710020405_02_105977,2
OR_SR_1801020301_05_106979,5
OR_WS_171200020503_05_106569,5
OR_WS_170701050402_02_101991,2
OR_SR_1709000503_02_103909,2
OR_WS_170900080502_02_104440,2
OR_WS_180102020405_05_107058,5
OR_WS_170501150201_05_102967,5
OR_SR_1709000802_02_104034,2
OR_WS_180200010102_05_102679,5
OR_SR_1708000104_02_103608,2
OR_WS_170800010202_02_103638,2
OR_WS_171200050207_05_106662,5
OR_WS_170601050102_02_103484,2
OR_SR_1707020404_05_101662,5
OR_EB_1710020101_01_107210,1
OR_SR_1706010605_02_103377,2
OR_SR_1710030212_02_105094,2
OR_WS_170703010705_05_102300,5
OR_LK_1705011613_05_100568,5
OR_WS_171200020302_05_106555,5
OR_CL_1710020410_106249,1
OR_WS_170502020202_05_103121,5
OR_SR_1709001101_02_104145,2
OR_SR_1710020101_05_105827,5
OR_SR_1707010505_02_101509,2
OR_WS_170703010701_05_102297,5
OR_WS_170900020401_02_104238,2
OR_SR_1710030708_02_105514,2
OR_SR_1710020407_02_105991,2
OR_SR_1710020407_02_105988,2
OR_SR_1705011904_05_102785,5
OR_WS_170601020202_02_103392,2
OR_WS_171002040803_02_106178,2
OR_WS_170900090304_02_104471,NULL
OR_SR_1709000902_02_104073,2
OR_SR_1801020205_05_106976,5
OR_WS_171003100602_02_104676,2
OR_WS_171002030301_05_106108,5
OR_WS_170900020203_02_104229,2
OR_SR_1709000802_02_104603,2
OR_SR_1708000105_11_103609,11
OR_WS_170703020703_05_102367,5
OR_SR_1709001104_02_104161,2
OR_SR_1709000106_02_103721,2
OR_SR_1710031103_02_104827,2
OR_CL_1710020410_106248,3
OR_SR_1709000301_02_103791,2
OR_SR_1708000309_04_100665,4
OR_WS_170703020201_05_102339,5
OR_WS_170701050204_02_101983,2
OR_WS_171200060102_05_106740,5
OR_WS_171002070103_02_104999,1
OR_SR_1710030801_02_105544,2
OR_EB_1710030404_01_100286,1
OR_SR_1709000604_02_103968,2
OR_WS_171003020404_02_105694,2
OR_SR_1709000803_02_104037,2
OR_SR_1710030210_02_105429,2
OR_WS_170703070103_05_102546,5
OR_SR_1709000202_02_103770,2
OR_SR_1705020304_05_102817,5
OR_SR_1709000805_02_104049,2
OR_WS_170601040306_02_103442,2
OR_WS_170501100706_05_102965,5
OR_WS_170702030104_05_102154,5
OR_WS_170900080201_02_104426,2
OR_WS_170502030601_05_103181,5
OR_WS_170900110605_02_104547,2
OR_LK_1707030102_05_100062,5
OR_SR_1706010506_02_103362,2
OR_SR_1709000901_02_104068,2
OR_WS_180102010104_05_107013,5
OR_SR_1710020504_02_106034,2
OR_WS_170502030905_05_103203,5
OR_WS_170501190602_05_103095,5
OR_WS_180200010206_05_102688,5
OR_SR_1710030502_02_104974,2
OR_SR_1710030601_02_105026,2
OR_WS_170601040502_02_103450,2
OR_WS_171003020303_02_105687,2
OR_EB_1710020309_01_100314,5
OR_WS_170601040106_02_103427,2
OR_WS_170501031101_05_102838,5
OR_WS_170601020302_02_103398,2
OR_LK_1710030708_02_100250,2
OR_WS_170900030503_02_104277,2
OR_WS_170601041004_02_103477,2
OR_EB_1710020101_01_100315,1
OR_SR_1709000407_02_103884,2
OR_WS_171003020702_02_106348,2
OR_SR_1706010604_02_103372,2
OR_WS_171003080107_02_105765,2
OR_SR_1705020308_05_102826,5
OR_SR_1706010404_02_103319,2
OR_SR_1706010409_02_103335,2
OR_SR_1706010403_02_103318,2
OR_SR_1709001102_02_104148,2
OR_WS_171002010105_05_106216,5
OR_WS_170501170403_05_103057,5
OR_SR_1707010307_02_102616,2
OR_SR_1707020208_05_101605,5
OR_SR_1710030212_02_105324,2
OR_SR_1710030213_02_105434,2
OR_WS_171200010104_05_106513,5
OR_WS_170703010502_05_102292,5
OR_SR_1710030601_02_104616,2
OR_SR_1705011704_05_102767,5
OR_SR_1710030501_02_105240,2
OR_WS_170502030902_05_103200,5
OR_SR_1705010311_02_102702,88
OR_WS_171200040204_05_106612,5
OR_WS_171002050403_02_106159,2
OR_SR_1710030210_02_106416,2
OR_SR_1710030302_02_105115,2
OR_SR_1707020204_05_101579,5
OR_SR_1710030110_02_105362,2
OR_WS_170900030110_02_104252,2
OR_WS_170900040304_02_104317,2
OR_SR_1710020304_05_105899,5
OR_WS_170900110601_02_104543,2
OR_SR_1710030203_02_105381,2
OR_SR_1709000504_02_103918,2
OR_SR_1710031202_02_104654,2
OR_WS_171003080112_02_105770,2
OR_WS_170800010503_11_103648,11
OR_LK_1801020604_05_100490,5
OR_SR_1710030301_02_105107,2
OR_WS_170900040704_02_104335,2
OR_SR_1707030310_05_101749,5
OR_WS_170703010107_05_102272,5
OR_WS_171003020402_02_105692,2
OR_SR_1710020409_02_106001,2
OR_WS_170703040401_05_102430,5
OR_SR_1710030213_02_106417,2
OR_WS_170900090303_02_104470,2
OR_SR_1709000701_02_103999,2
OR_WS_171003060302_02_104673,2
OR_SR_1710020206_05_105850,5
OR_WS_170501161201_05_103024,5
OR_WS_170703050808_05_102490,5
OR_WS_170501160104_05_102972,5
OR_SR_1709000603_02_103960,2
OR_SR_1710030801_02_105550,2
OR_WS_171200050107_05_106943,5
OR_WS_171003020902_02_104910,2
OR_SR_1709000305_02_103832,2
OR_SR_1709001106_02_104166,2
OR_WS_170601060502_02_103542,2
OR_SR_1705011611_05_102758,5
OR_SR_1710020303_05_105888,5
OR_WS_170701050203_02_101982,2
OR_SR_1708000104_02_103607,2
OR_WS_171002040901_02_106144,2
OR_SR_1707010306_02_101484,2
OR_WS_171002060804_02_106406,1
OR_SR_1707030607_05_101814,5
OR_SR_1710031006_04_104637,2
OR_EB_1710030403_01_107198,1
OR_SR_1710020408_02_105995,2
OR_WS_171003080111_02_105769,2
OR_WS_180200010302_05_102694,5
OR_WS_171002040202_02_106129,2
OR_SR_1706010401_02_103309,2
OR_WS_170703040603_05_102437,5
OR_WS_171003021001_02_105703,2
OR_SR_1707020110_05_101552,5
OR_SR_1709000603_02_103965,2
OR_SR_1710030303_02_106435,2
OR_SR_1705010705_10_102711,10
OR_WS_170800010703_02_103703,2
OR_WS_170800060207_05_103708,5
OR_SR_1710031205_02_104662,2
OR_SR_1709000107_02_103725,2
OR_LK_1710030604_02_100235,2
OR_WS_170502020101_05_103112,5
OR_SR_1709001105_02_104163,2
OR_WS_170900120202_02_104555,2
OR_SR_1708000309_04_100663,4
OR_WS_171003010804_02_105657,2
OR_SR_1710030203_02_105380,2
OR_WS_170900070203_02_104411,2
OR_SR_1709000202_02_103771,2
OR_WS_170703020203_05_102341,5
OR_SR_1710020101_05_105830,5
OR_SR_1705010707_10_102718,10
OR_SR_1710030110_02_105359,2
OR_SR_1709000807_02_104061,2
OR_SR_1706010202_02_103291,2
OR_EB_1710030505_01_107209,1
OR_LK_1707010114_88_100140,88
OR_SR_1710031008_02_104643,2
OR_SR_1709000704_02_104597,2
OR_WS_170702040305_05_102200,5
OR_SR_1707030609_05_101818,5
OR_LK_1707030511_02_100117,2
OR_SR_1708000107_02_103612,2
OR_WS_170701040103_02_101953,2
OR_WS_170502031007_05_103210,5
OR_SR_1710020505_02_106047,2
OR_SR_1709001203_88_104184,88
OR_SR_1710030212_02_105090,2
OR_WS_170701050502_02_101997,2
OR_SR_1710020501_02_106013,2
OR_SR_1710020608_02_105077,2
OR_LK_1705020301_05_100588,5
OR_WS_170703010301_05_102282,5
OR_SR_1801020601_05_106993,5
OR_SR_1710030504_02_104984,2
OR_SR_1709001005_02_104140,2
OR_WS_170501170602_05_103064,5
OR_WS_170701050405_02_101994,2
OR_WS_171003080104_02_105762,2
OR_SR_1709000305_02_103824,2
OR_SR_1710031201_02_104650,2
OR_WS_171002010102_05_106084,5
OR_SR_1710030202_02_105377,2
OR_SR_1707020104_05_101527,5
OR_WS_170701050202_02_101981,2
OR_WS_180200010101_05_102678,5
OR_WS_170900010101_02_104185,2
OR_SR_1709000601_02_103936,2
OR_SR_1710030202_02_105378,2
OR_SR_1710030706_02_105496,2
OR_SR_1710030212_02_105092,2
OR_WS_180102041403_05_107134,5
OR_WS_171002020306_05_106093,5
OR_WS_170900110203_02_104525,2
OR_WS_170601060605_02_103569,2
OR_SR_1707030408_02_101785,2
OR_SR_1710020202_05_106220,5
OR_WS_170702030101_05_102151,5
OR_SR_1710030501_02_105239,2
OR_WS_171003060101_02_106316,2
OR_SR_1706010201_02_103284,2
OR_SR_1708000105_11_103611,11
OR_SR_1709000703_02_104009,2
OR_WS_170601060603_02_103551,2
OR_LK_1708000105_11_100637,11
OR_WS_170900020403_02_104240,2
OR_SR_1710031201_02_104651,2
OR_LK_1707010114_88_100142,88
OR_SR_1707010302_02_101475,2
OR_SR_1709000704_88_104019,88
OR_WS_171002010104_05_106207,5
OR_SR_1707020410_05_101700,5
OR_WS_171200050206_05_106661,5
OR_WS_171002040708_02_106140,2
OR_WS_170701020901_16_101873,16
OR_SR_1710030302_02_105119,2
OR_EB_1710020408_01_107217,2
OR_WS_170501160103_05_102971,5
OR_EB_1710020607_01_107223,1
OR_WS_171003020508_02_106369,99
OR_SR_1710030601_02_104995,2
OR_SR_1710020305_05_105906,5
OR_WS_170502030201_05_103157,5
OR_SR_1710030502_02_104611,2
OR_SR_1705010707_05_102717,5
OR_WS_170502020102_05_103113,5
OR_SR_1708000302_88_100670,88
OR_SR_1710030110_02_105360,2
OR_SR_1707030505_05_102589,5
OR_WS_170601040301_02_103437,2
OR_WS_170703060907_05_102592,5
OR_LK_1709000402_02_100741,2
OR_SR_1707030406_02_101771,2
OR_SR_1708000105_11_103610,11
OR_WS_170900040209_02_104313,2
OR_WS_170501180304_05_103079,5
OR_WS_171003070812_02_105758,2
OR_SR_1709000502_02_103902,2
OR_SR_1709001003_02_104120,2
OR_WS_170702020804_05_102135,5
OR_SR_1709000602_02_103953,2
OR_SR_1710030211_02_105088,2
OR_EB_1710030601_01_100283,1
OR_WS_170900070301_02_104413,2
OR_SR_1710030301_02_105441,2
OR_CL_1710030605_104704,3
OR_WS_171002030508_05_106193,5
OR_SR_1707010502_02_101504,2
OR_SR_1710030801_02_105536,2
OR_SR_1707020402_05_101644,5
OR_SR_1710030703_04_105475,4
OR_WS_170703040301_05_102424,5
OR_SR_1801020204_05_106972,5
OR_WS_171200060101_05_106739,5
OR_SR_1709000305_02_103829,2
OR_SR_1710020603_02_105325,2
OR_SR_1709001002_02_104109,2
OR_LK_1707010109_88_100144,88
OR_WS_171003080109_02_105767,2
OR_WS_170701050302_02_101985,2
OR_SR_1710030502_02_104970,2
OR_SR_1707030107_05_101714,5
OR_SR_1705020301_05_102812,5
OR_WS_170900060204_02_104370,2
OR_WS_171002060601_02_106169,2
OR_WS_170502030805_05_103195,5
OR_WS_170502010101_05_103097,5
OR_WS_171200080301_05_106802,5
OR_EB_1710031201_01_100278,1
OR_WS_170900030208_02_104260,2
OR_SR_1710020303_05_105890,5
OR_SR_1707020202_05_101570,5
OR_SR_1710020302_05_105874,5
OR_SR_1710030302_02_105123,2
OR_WS_170900040303_02_104316,2
OR_SR_1706010606_02_103380,2
OR_SR_1709001202_02_104174,2
OR_SR_1710020307_05_105937,5
OR_WS_171003010701_02_105650,2
OR_WS_170601050103_02_103485,2
OR_SR_1710031008_02_104644,2
OR_SR_1706010404_02_103553,2
OR_SR_1708000103_02_103606,2
OR_SR_1710020203_05_105834,5
OR_SR_1707020103_05_101525,5
OR_SR_1710020505_02_106050,2
OR_SR_1710030505_02_104992,2
OR_WS_170703010105_05_102270,5
OR_SR_1710030203_02_105382,2
OR_SR_1710030209_02_106367,2
OR_WS_170900120103_02_104552,2
OR_SR_1707030510_02_101806,2
OR_SR_1707030504_05_101797,5
OR_SR_1707030504_05_101794,5
OR_SR_1709000901_02_104067,2
OR_WS_171200030202_05_106594,5
OR_SR_1710020404_02_105965,2
OR_WS_171002030904_05_106189,5
OR_WS_171002050601_02_106162,2
OR_CL_1710030605_104716,3
OR_SR_1710031204_02_104660,2
OR_WS_170501170601_05_103063,5
OR_WS_170800030405_05_103656,5
OR_WS_170900110406_02_104539,2
OR_SR_1709001203_02_104181,2
OR_WS_171003010204_02_105809,2
OR_WS_170601040404_02_103447,2
OR_SR_1707030104_05_102628,5
OR_WS_170900060305_02_104379,2
OR_SR_1710020302_05_105881,5
OR_WS_170502010303_05_103223,5
OR_SR_1710030801_02_105532,2
OR_SR_1709000204_02_103787,2
OR_WS_170703050205_05_102456,5
OR_SR_1705020301_05_102814,5
OR_SR_1710030602_02_104626,2
OR_SR_1710031106_02_104840,2
OR_SR_1707030207_05_101721,5
OR_SR_1706010410_02_103337,2
OR_WS_170900110404_02_104537,2
OR_WS_171003050502_02_105007,2
OR_WS_171002030800_05_106191,5
OR_LK_1709001202_02_100858,2
OR_WS_171200020502_05_106568,5
OR_SR_1708000602_05_100324,5
OR_WS_170900110607_02_104549,2
OR_SR_1710020606_02_106412,2
OR_SR_1710020407_02_106452,2
OR_LK_1707010512_88_100134,88
OR_SR_1709000403_02_103862,2
OR_WS_171003020508_02_106369,2
OR_WS_170601040202_02_103432,2
OR_WS_170502030101_05_103151,5
OR_SR_1710030402_02_106403,2
OR_WS_170900040307_02_104320,2
OR_SR_1709000602_02_103942,2
OR_CL_1710020310_106235,3
OR_WS_171002060308_02_105266,2
OR_WS_170703070402_05_102564,5
OR_WS_180200010205_05_102687,5
OR_WS_170900040204_02_104308,2
OR_SR_1801020207_05_106978,5
OR_SR_1707010505_02_101508,2
OR_SR_1709000407_02_103888,2
OR_WS_170501100705_05_102964,5
OR_SR_1710020505_02_106049,2
OR_SR_1710030705_02_105485,2
OR_WS_170900030204_02_104256,2
OR_WS_180200010208_05_102690,5
OR_SR_1706010405_02_103323,2
OR_SR_1710030213_02_105104,2
OR_WS_171003060201_02_104670,2
OR_WS_171200040206_05_106614,5
OR_WS_170900010608_02_104210,2
OR_WS_180102030301_05_107096,5
OR_SR_1710020305_05_105908,5
OR_WS_171200020304_05_106557,5
OR_SR_1709000109_02_103734,2
OR_SR_1710030602_02_104622,2
OR_SR_1709001005_02_104141,2
OR_SR_1710030706_02_105494,2
OR_LK_1709001106_02_100850,2
OR_WS_170900030106_02_104248,2
OR_SR_1708000101_02_103598,2
OR_WS_171002070104_02_106387,2
OR_WS_170502030501_05_103176,5
OR_WS_171003070601_02_105741,2
OR_WS_171003120111_02_104697,2
OR_LK_1705020103_05_100578,88
OR_SR_1705020208_05_102811,5
OR_SR_1707030705_05_101842,5
OR_SR_1710031008_04_104646,4
OR_SR_1710030601_02_104614,2
OR_SR_1710030208_02_104752,2
OR_WS_170701050403_02_101992,2
OR_SR_1707030108_02_102627,2
OR_EB_1710020206_01_100299,1
OR_WS_170900040308_02_104321,2
OR_SR_1705011502_05_102745,5
OR_LK_1705020306_05_100597,5
OR_LK_1707030408_02_100106,5
OR_WS_170900040203_02_104307,2
OR_WS_170703030902_05_102407,5
OR_SR_1709001201_02_104170,2
OR_SR_1709000406_02_103871,2
OR_WS_171002060501_02_106168,2
OR_LK_1709000703_02_100792,2
OR_SR_1705011007_05_102744,5
OR_WS_170900100204_02_104495,2
OR_SR_1708000103_02_103605,2
OR_SR_1712000301_05_106475,5
OR_SR_1710020407_02_105984,2
OR_SR_1710030212_02_105099,2
OR_SR_1710020309_05_105948,5
OR_EB_1710031202_01_100301,1
OR_WS_170701020903_16_101875,16
OR_WS_171003020101_02_105675,2
OR_WS_170501031103_05_103234,5
OR_WS_170501031103_05_103234,88
OR_WS_170703020202_05_102340,5
OR_LK_1705011803_05_100573,5
OR_CL_1710020310_106243,3
OR_WS_170702010503_05_102040,5
OR_SR_1707030310_05_102574,5
OR_WS_170900080102_02_104424,2
OR_SR_1706010501_02_103344,2
OR_SR_1710030301_02_105106,2
OR_SR_1710020602_02_105057,2
OR_WS_171003070108_02_105718,2
OR_WS_170702020203_05_102094,5
OR_LK_1708000105_11_100635,11
OR_SR_1710031007_02_104640,2
OR_SR_1709000301_02_103796,2
OR_SR_1710020701_02_104923,2
OR_WS_180102040702_05_107118,5
OR_CL_1710020102_106227,3
OR_WS_171003021305_02_105321,2
OR_CL_1710031206_104717,3
OR_SR_1710020701_02_106372,2
OR_SR_1710031201_02_104649,2
OR_SR_1705020307_05_102823,5
OR_WS_170900110502_02_104541,2
OR_WS_170900100307_02_104504,2
OR_WS_171003040401_02_105044,2
OR_EB_1710020403_01_107231,2
OR_CL_1710020508_106260,2
OR_SR_1709000109_02_103741,2
OR_LK_1710030404_02_100221,2
OR_WS_170900080205_02_104430,2
OR_WS_170703060904_05_102524,5
OR_WS_171002050205_02_106154,2
OR_WS_171003030106_02_105275,2
OR_SR_1710020606_02_106223,2
OR_CL_1710020410_106252,3
OR_WS_170800010801_15_103707,15
OR_EB_1710020308_01_107225,1
OR_SR_1709000405_02_103868,2
OR_WS_171003020105_02_105679,2
OR_WS_170703060204_05_102506,5
OR_SR_1707030406_05_102593,5
OR_SR_1709000802_02_104604,2
OR_WS_171003020102_02_105676,2
OR_SR_1709000301_02_103790,2
OR_SR_1707020111_05_102568,5
OR_LK_1707030110_02_100151,2
OR_WS_171002050303_02_106176,2
OR_WS_170900030610_02_104298,2
OR_SR_1709000104_02_103719,2
OR_WS_171003050306_02_106393,2
OR_SR_1709000602_02_103954,2
OR_SR_1709000107_02_104583,2
OR_SR_1709000701_02_104591,2
OR_SR_1709000305_02_103833,2
OR_WS_170501160502_05_102989,5
OR_WS_170501160102_05_102970,5
OR_WS_170501161102_05_103020,5
OR_WS_171200070401_05_106779,5
OR_WS_171200070106_05_106767,5
OR_SR_1712000401_05_106481,5
OR_SR_1708000102_02_103601,2
OR_CL_1710020310_106237,3
OR_WS_170701050305_02_101988,2
OR_SR_1707020410_05_101701,5
OR_SR_1801020405_05_107166,5
OR_WS_170502030504_05_103179,5
OR_SR_1710020407_02_105983,2
OR_WS_171002070103_02_104999,2
OR_WS_170702020502_05_102108,5
OR_SR_1709000202_02_103765,2
OR_WS_171003060401_02_104699,2
OR_SR_1710030105_02_105820,2
OR_WS_171003070101_02_105711,2
OR_SR_1709000202_02_103780,2
OR_SR_1709000404_02_104569,2
OR_CL_1710020102_106225,3
OR_SR_1707020107_05_101539,5
OR_WS_171003060403_02_104675,2
OR_WS_170501031102_05_103235,5
OR_SR_1709000901_02_104064,2
OR_EB_1710020504_01_107196,1
OR_SR_1710030204_02_105391,2
OR_SR_1710020407_02_105990,2
OR_SR_1707010405_02_101502,2
OR_WS_171200060105_05_106743,5
OR_WS_171003060107_02_106317,2
OR_SR_1710020607_02_106405,2
OR_WS_170703070403_05_102565,5
OR_SR_1709000403_02_103865,2
OR_WS_170703061106_05_102537,5
OR_SR_1709001203_02_104180,2
OR_WS_170703010302_05_102283,5
OR_SR_1710030601_02_106303,2
OR_WS_170900011003_02_104223,2
OR_SR_1707010503_02_101506,2
OR_SR_1707030511_02_101810,2
